"mRID,""aliasName"",""description"",""name"","
"01f61217-3067-3010-87cb-50d9a2ca8faf,""soluta"",""Ipsa dignissimos pariatur ut ipsam. Aut ipsa ipsa voluptates et neque error. Vitae consequatur cum est iusto illo inventore eum. Nesciunt qui ullam saepe nobis aliquam dignissimos et."",""cumque"","
"0238bed2-e9f7-3dcc-867c-ac628ab4cca1,""reprehenderit"",""At deleniti quis eos voluptatem est eius. Rerum quia rerum repellendus vel voluptas numquam hic quis. Aut ducimus ut sed dolorum facilis rem vitae. Et qui voluptas unde ducimus."",""ducimus"","
"05ed4d90-e4f1-38f5-ab2d-0aecc80a8c8a,""distinctio"",""Magnam sunt sunt autem et aut in in. Rerum expedita magnam voluptate. Voluptate ut est qui incidunt. Omnis quibusdam possimus totam ipsam laudantium et."",""optio"","
"0ca0d8b0-4498-32dc-b49c-234502bf49e2,""vel"",""Impedit temporibus sit illum est et et. Alias consequatur dolores aut qui nobis. Tempora vel libero provident assumenda dicta recusandae."",""impedit"","
"10fc0ea5-cf70-3996-886d-d9faff4af5e1,""molestiae"",""Vel amet est repellendus pariatur voluptas consectetur molestias minus. Quo dolores fugiat voluptatum aut qui magnam et consequuntur. Modi laborum in enim unde et est eveniet. At repudiandae et sunt fugit."",""et"","
"19c8f666-c31d-3b73-a458-a116070e0890,""sequi"",""Voluptatibus nobis iure voluptatem dicta provident repudiandae. Sit molestias excepturi deserunt repellat maxime optio enim sit. Quaerat repellat veritatis natus non quaerat similique repellat eius."",""cupiditate"","
"1cb5a62e-2fed-3894-b891-3e8e3913cb3b,""et"",""Earum nesciunt voluptatibus voluptatem harum. Earum corrupti dolores qui nemo. Expedita reiciendis incidunt aut."",""laudantium"","
"21934ce1-b03c-3774-b710-a12ef5651727,""eos"",""Aliquid eligendi rerum labore quo voluptate debitis illo. Id distinctio ut ut reiciendis. Autem exercitationem porro sequi quam incidunt qui. Dolore occaecati tenetur officiis unde dignissimos."",""molestiae"","
"25791fdb-3008-3b31-8015-9d20177bba30,""quo"",""Natus incidunt eos inventore vero qui dolores possimus. Et velit ducimus facere magnam qui voluptates asperiores voluptate. Cum quibusdam expedita et et quasi."",""sit"","
"27da314e-73ba-34d9-a243-160f4c3df249,""quas"",""Ab sunt dolores architecto adipisci officia laborum ut aliquid. Doloribus est dignissimos magnam facilis sed dolorum. Ducimus inventore similique cumque magni non. Sed dignissimos et similique ex officiis sequi enim."",""et"","
"2c5d166e-cffd-3483-9900-58ef367ca73c,""dolores"",""Aut aut ut libero optio amet sed iure. Occaecati et dolor blanditiis dignissimos beatae. Dignissimos porro iusto sint reprehenderit."",""enim"","
"2c82267a-5d23-3159-a07d-f9ee8285e80b,""ea"",""Illum saepe laudantium rerum occaecati voluptas. Veritatis repellendus consequuntur nam illum aut. At quos enim deleniti sed nam voluptatem. Commodi necessitatibus error odio et molestiae id dolorem."",""sed"","
"31fdd404-0e12-3d48-b674-77a197562f77,""doloribus"",""Adipisci doloribus quam quae voluptate. Cum deserunt placeat id perferendis. Aut molestias doloremque minus tempore natus assumenda. Est debitis mollitia velit quis consequatur qui."",""atque"","
"35109590-1323-3b6e-8b45-ef81407dfba6,""autem"",""Sit laborum eveniet non qui ut molestiae eum. Et sed necessitatibus recusandae qui molestias atque. Omnis vel et fuga aperiam aut vel. Sed sint ullam eos deserunt."",""quae"","
"3ced2fcb-ed8f-3114-a297-733346a21f59,""dolores"",""Corrupti id ea quaerat quaerat consectetur. Qui sapiente tempora animi et mollitia ab ipsam. Deserunt rerum saepe et et quam vel porro. Corrupti voluptatem eveniet repudiandae."",""fugit"","
"4357bb70-9a28-3a5e-a995-6b27e1badfef,""ut"",""Nam aperiam vitae sunt accusantium exercitationem doloribus. Quasi natus autem qui id earum. Esse qui excepturi laborum ipsum rerum aut voluptatum fugiat."",""aut"","
"4539d5c6-4947-33dc-8512-7d08a8f335ea,""quod"",""Facilis voluptas illum debitis quia quaerat est. Dolor perferendis dolores ut reiciendis provident. Minus reiciendis dignissimos tenetur voluptatem."",""aperiam"","
"4ccbb1cc-b503-3017-b62c-3d26d23ce5e5,""dolor"",""Aut saepe quaerat qui sit. Omnis aut earum culpa eaque autem neque labore ipsam. Amet eligendi dolorem magni quidem est consequatur ipsa. Ut alias ut dolorem qui quo nobis blanditiis."",""qui"","
"4ee414c8-52f6-3e18-8d85-64f6f4af5691,""numquam"",""Inventore et voluptate consequatur eius. Ut ipsam dolore labore mollitia autem facilis. Tempore consequatur aut quis neque."",""corporis"","
"53729bed-fd3d-3d57-96cf-16dab117af9f,""sed"",""Pariatur illo sunt sapiente atque aspernatur velit voluptatem. Laborum provident dolorem sit autem voluptas. Expedita aliquam sequi recusandae maxime delectus reiciendis accusamus."",""tenetur"","
"556fce49-37be-332a-a898-82f19fece81a,""possimus"",""Voluptatem natus dolore velit facilis facere repellendus. Eaque voluptatem et et at libero iste possimus. Officiis quo ab sequi repudiandae rerum nisi. Necessitatibus in alias quo laboriosam."",""enim"","
"574371c0-9902-3955-b3e3-19041f510d67,""eum"",""Debitis quos cum qui eos placeat porro beatae. Voluptate quia sit et ea. Iste velit voluptatem ad reiciendis voluptatibus. Fugiat neque minima qui est similique quas aut."",""optio"","
"58617032-db1e-3d96-afd8-78f2868c9fd2,""ipsam"",""Aut alias est aut. Quis officia rem corrupti tempore similique ut quos. Numquam eaque rerum eaque magni rerum eligendi. At nulla est odio."",""natus"","
"63bf84db-1d67-3272-8f61-2f7638a57006,""rerum"",""Earum aut et doloribus sint rerum voluptates. Error excepturi quia enim tempore id aut sapiente. Facere dolor quos vitae exercitationem aut. Quasi quis doloribus explicabo aperiam."",""fuga"","
"6e16e8fd-a5a5-33dc-bf4b-5df358bce13b,""occaecati"",""Dicta voluptatem nostrum esse autem. Et occaecati id quod fuga explicabo accusamus. Maxime voluptas corrupti aliquam voluptas dolorem."",""dignissimos"","
"704b7d09-d39d-39c5-adea-62b24529d1ad,""nisi"",""Voluptatibus voluptatem qui debitis reiciendis ab. Nesciunt omnis sed temporibus et. Laborum impedit beatae quis rerum deleniti repellendus facere reprehenderit. Sed maiores iste vel animi."",""pariatur"","
"7441b666-4a07-3185-a296-86bb15c81fc5,""pariatur"",""Maiores rem soluta excepturi deserunt. Ea et quae sed deserunt qui maxime. Consequatur id illum minus autem occaecati est. Ut ducimus expedita voluptatum aut ipsa itaque."",""eum"","
"7b2c948e-8f9d-3f28-82dc-54095f08889d,""assumenda"",""Ab est numquam quibusdam laudantium et exercitationem sit. Alias facere quisquam qui aut neque. Et et tempore ex et amet. Ut excepturi distinctio quia molestiae sint."",""error"","
"7bbdcd73-8ffe-37ae-8a37-70eed960e200,""reprehenderit"",""Qui aut qui ut delectus delectus doloribus. Quia distinctio itaque quidem facere voluptatem. Excepturi tempora qui id ad eum exercitationem."",""laudantium"","
"8034537c-c923-3360-a179-70ea9d094628,""labore"",""Qui sit soluta earum occaecati magni. Aut repellendus qui consequatur dolorum qui. Enim numquam neque animi hic. Et consequatur aspernatur vel rerum."",""qui"","
"81401542-42c0-37ec-9468-0a29900d8743,""itaque"",""Aperiam nam ratione consequatur sint autem error. In deserunt id a eos distinctio accusantium. Nihil voluptatem consequuntur architecto molestias. Incidunt dolorem necessitatibus maxime ex odio."",""iste"","
"829ec22b-c3f3-3f89-8ba7-ae10659b895c,""veniam"",""Voluptas explicabo quae rem repellat architecto. Ducimus mollitia tempore consequatur. Et velit qui dolorem libero minus hic consequatur. Est eos aperiam dolores consequatur voluptate consequatur omnis."",""vel"","
"88d20baa-9854-356a-a6d8-ef0fbc8d77af,""autem"",""Rem sequi voluptatem aliquam occaecati aut enim. Dolore omnis nemo modi. Natus magnam vel ea id necessitatibus inventore quos. Recusandae iusto dolores dolorem voluptatem cum non rerum."",""architecto"","
"a38d3394-1700-3db5-8b2d-3de1d24151b3,""aut"",""Mollitia qui sed voluptatem alias. Repellat eum iste ratione esse pariatur autem. Sunt tempora facilis voluptate sit qui minima impedit."",""molestiae"","
"a4ec358d-bd38-3772-b56e-9572af528e55,""nesciunt"",""Maxime molestiae sint voluptatem modi esse consequuntur omnis et. Eaque voluptatem dolores cum ad voluptatem. Et harum repudiandae amet saepe voluptatem consectetur."",""id"","
"b95c357d-818b-3594-91ed-da7c6490866f,""corrupti"",""Qui quasi veritatis excepturi optio dolore esse. Laborum quidem qui aut laudantium. Facilis earum saepe quia quibusdam non qui. Est dolores dolor aut rerum quam."",""laborum"","
"cc8daa04-8ba3-321c-9bd2-0829af4cf029,""rerum"",""Non quia iste sed perferendis a. Et maiores hic explicabo cupiditate iste sed."",""omnis"","
"d2e0fddb-9cb8-34d1-9790-e2edbeb8b3de,""ea"",""Nobis aperiam nihil quia qui et corrupti. Illum vero magni iusto similique nesciunt ut. Animi laudantium reiciendis consectetur modi et cum."",""dolorum"","
"d374ba4d-a894-3a36-b5fc-33bd4671f702,""aut"",""Vitae voluptas et est magnam. Aut perferendis enim officia quasi et. Consequatur et explicabo amet. Sint vero in voluptas inventore consequatur."",""et"","
"d42adaf1-5bad-3cc3-a110-c02528577e67,""et"",""Deserunt nihil consectetur et blanditiis. Quas sit aut aut delectus dolorem occaecati. Totam et dolorum est qui porro et voluptatem."",""consequatur"","
"d5be6fff-b747-3142-941d-26bd77654ceb,""laboriosam"",""Fugit eaque porro mollitia ut dolorum eius. Ducimus ipsum ratione perspiciatis cum laudantium. Explicabo impedit a excepturi ipsum hic est sed odit. Eveniet rem corrupti maiores suscipit corporis. Quia unde dicta deserunt."",""consectetur"","
"d7ce235f-873d-3932-8759-07594e6cf3e1,""dolor"",""Voluptatibus dolore nostrum dolore. Quibusdam possimus omnis qui necessitatibus ab molestias. Neque ea natus labore error voluptatibus sint qui. Libero non ad et reiciendis sint voluptatem dolore."",""quo"","
"dbeb12b2-2e96-3268-92d5-7918a3f9e057,""voluptas"",""Et velit earum quia porro. Libero sed sit totam quibusdam quo sint quis. Cum doloribus qui et atque sequi. Numquam temporibus nemo aut dolorem nam nam sed."",""ex"","
"e2ab6dbf-8682-3435-a4c7-52646e57fb24,""placeat"",""Consequatur nobis cumque nostrum eos nobis architecto eius hic. Ad deleniti voluptates quasi. Doloribus non deleniti similique est qui maxime veritatis. Voluptatum eum voluptatibus vitae ducimus cum accusamus."",""voluptatem"","
"ead77b08-cee0-3b4c-997d-959236956838,""dolore"",""Esse harum quod tenetur est consequatur iste delectus. Nostrum vitae doloribus voluptatum et qui necessitatibus deleniti. Consequuntur non in fugit pariatur sunt."",""ut"","
"f0d4d582-ca49-3698-af29-2843f8f9a74d,""ratione"",""Laudantium molestiae et temporibus voluptatum. Nihil aut esse aut. Amet ipsum est velit ut qui."",""exercitationem"","
"f416bc2b-46ce-3f93-96fb-190b245535ef,""neque"",""Alias ipsa voluptatem culpa et molestiae voluptatem molestiae. Repellat quisquam fugit debitis dolor quaerat consequuntur nihil. Sit quaerat adipisci soluta nulla laudantium ut. Similique est ut ea non aut."",""est"","
"f8cd5bb2-31c2-371a-9ffd-57870f7d6b99,""atque"",""Temporibus qui minima mollitia accusantium reprehenderit amet. Rem enim doloremque magnam commodi inventore sint."",""natus"","
"fb6239fb-3041-3cbd-90ec-4533bca20e65,""ullam"",""Unde voluptates consectetur laborum et earum. Placeat at rerum quia natus. Laboriosam non eveniet unde possimus est porro et eligendi."",""unde"","
"ff5e569f-2ed4-3778-8c24-99833367dcd1,""ut"",""Dolor alias dolor est earum in non. Labore labore sapiente eaque aliquam et debitis adipisci. Sit blanditiis et vel."",""et"","
